﻿<?xml version='1.0' ?>
<discuss>
	<subject>What Exactly CSharp is?</subject>
	<heading>Can anybody please tell me what exactly c# is and what is difference between C# and  c,c++, vc++</heading>
	<sender>
		<name>uday parmar</name>
		<date>Thursday, April 05, 2001</date>
		<mail>parmar_uday@yahoo.com</mail>
	</sender>
	<reply>
		<name>Jatan Porecha</name>
		<date>Sunday, April 08, 2001</date>
		<mail>porecha_jp@hotmail.com</mail>
		<answer>hi,
   See basic differnce between c# and c,c++,vc++ is that c# is platform independent language some thing like Java but it is highly optimized for windows platform. Other languages are used to program applications on desktop or client server n/w. But c# provides the power of .NET platform and distributed platform which includes the no of devices which can communicate with each other in c# u can program any device like microwave oven,cell phone,PDA etc..

When C# program is compiled the Pseudo code is generated which is transformed to native code of that device and thus the program works on device some thing like JAVA but it is highly efficeint and it uses XML web technology as back bone to give more performance</answer>
	</reply>
	<reply>
		<name>Subhash</name>
		<date>Friday, April 13, 2001</date>
		<mail>subhashmn@hotmail.com</mail>
		<answer>c# is purely a new and developed technology and works on .net framework.

This lang. has 
a)power of c++,
b)productivity of vb,
c)elegance of java.

Similarities of c# with java:
1)interface concepts
2)exception handling
3)garbage collection
4)single(multilevel) inheritence
5)classes and objects

New in c#:
a)has extensive use of XML and SOAP(Simple object access protocol).
2)ROPE(Remote object proxy engine)
3)similar to Java's JVM, here we're having CLR(Common Language Runtime)

why should we go for .net?
a)interoperability(communicating with different applications(made of different domains)
b)security
c)multilingual support
d)architecture independence
f)c# is an Component oriented language(col)
g)scalabality.

versions available:
1)Beta 1(existing)
2)Beta 2(expecting by April 15th, 2001)
3)whole concept/product(.net) by the end of 2001.

.net comprises of :
a)vb.net
b)asp.net
c)ado.net
d)c# for the above framework.

Meet u next time</answer>
	</reply>
</discuss>
