<?xml version="1.0"?>
<discuss>
  <subject>Linux vs Windows</subject>
  <heading>Can we access files from LINUX 
Operating system to windows OS.</heading>
  <sender>
    <name>Eliyas KO</name>
    <date>Wednesday, March 21, 2001</date>
    <mail>eliyas@inablers.net</mail>
  </sender>
  <reply>
    <name>Vaidehi</name>
    <date>Wednesday, April 04, 2001</date>
    <mail>vaidehiak@yahoo.com</mail>
    <answer>We have a configuration called a "SAMBA", present in /usr/sbin/samba or /etc/samba. The man page is also there. This is there on Linux 7.0.
U have to start the service.
This will enable u to access Linux files on Windows.

Vaidehi</answer>
  </reply>
  <reply>
    <name>Gambhava Nilesh</name>
    <date>Sunday, April 08, 2001</date>
    <mail>dipchet@rediffmail.com</mail>
    <answer>mount fs of windows.
might be windows C partition is hda1
so u can followin cmd

mount -t vfat /dev/hda1 /yourdirectory</answer>
  </reply>
  <reply>
    <name>M S Prakash</name>
    <date>10/6/2001 2:52:03 PM</date>
    <mail>M S Prakash</mail>
    <answer>I Don't Know About Linux</answer>
  </reply>
</discuss>