<?xml version="1.0"?>
<discuss>
  <subject>replacement</subject>
  <heading>is c# a replacement to java?</heading>
  <sender>
    <name>saju.k</name>
    <date>Tuesday, May 01, 2001</date>
    <mail>sajusmail@rediffmail.com</mail>
  </sender>
  <reply>
    <name>Subhash</name>
    <date>Saturday, May 05, 2001</date>
    <mail>subhashmn@hotmail.com</mail>
    <answer>c# is not exactly a replacement to java. 
to be saying it is coming up with some new technology. Microsoft is telling that c# is an 'Component oriented Language---col'. for any other further references, u can mail me
Bye.</answer>
  </reply>
  <reply>
    <name>Subhash</name>
    <date>Saturday, May 05, 2001</date>
    <mail>subhashmn@hotmail.com</mail>
    <answer>c# is purely a new and developed technology and works on .net framework. This lang. has a)power of c++, b)productivity of vb, c)elegance of java. Similarities of c# with java: 1)interface concepts 2)exception handling 3)garbage collection 4)single(multilevel) inheritence 5)classes and objects New in c#: a)has extensive use of XML and SOAP(Simple object access protocol). 2)ROPE(Remote object proxy engine) 3)similar to Java's JVM, here we're having CLR(Common Language Runtime) why should we go for .net? a)interoperability(communicating with different applications(made of different domains) b)security c)multilingual support d)architecture independence f)c# is an Component oriented language(col) g)scalabality. versions available: 1)Beta 1(existing) 2)Beta 2(expecting by April 15th, 2001) 3)whole concept/product(.net) by the end of 2001. .net comprises of : a)vb.net b)asp.net c)ado.net d)c# for the above framework. Meet u next time
</answer>
  </reply>
  <reply>
    <name>Hacker</name>
    <date>Thursday, May 10, 2001</date>
    <mail>Sorry@IcantGiveYou.com</mail>
    <answer>Hi,

 Hahahaaaa. Who gave you that crap like "
This lang. has a)power of c++, b)productivity of vb, c)elegance of java. "

 Thats taken straight out of an online magazine.

 The fact is that C# IS the competitor for Java and java is already down. So, by the time C# reaches the market, java is going to start dying.

 By the way, did you know that JAVA is NOT REVOLUTIONARY. It just mixed a few existing theories to make a new pudding. Thats all. Nothing new about java. HAIL VC++</answer>
  </reply>
  <reply>
    <name>yhdf</name>
    <date>10/12/2001 8:47:27 AM</date>
    <mail>yhdf</mail>
    <answer>gfhdghdhh</answer>
  </reply>
</discuss>