<?xml version="1.0"?>
<discuss>
  <subject>Pointers in C#</subject>
  <heading>can we use pointer in c#</heading>
  <sender>
    <name>vaibhav</name>
    <date>Thursday, May 10, 2001</date>
    <mail>onlyvaibhav@rediffmail.com</mail>
  </sender>
  <reply>
    <name>ramselva</name>
    <date>Thursday, May 10, 2001</date>
    <mail>rchandra@in.netvisionsglobal.com</mail>
    <answer>Like pointers fuction in c++ in c# delagates are there.</answer>
  </reply>
  <reply>
    <name>fhgf</name>
    <date>12/6/2001 11:31:16 AM</date>
    <mail>fhgf</mail>
    <answer>ggfhdgfhsg
gf
h
dgh
ggf</answer>
  </reply>
</discuss>