<?xml version="1.0"?>
<discuss>
  <subject>About Data Bases in C#</subject>
  <heading>can i use oracle driver in ADO.NET</heading>
  <sender>
    <name>SaiRam</name>
    <date>10/6/2001 1:35:24 PM</date>
    <mail>sss@hotmail.com</mail>
  </sender>
  <reply>
    <name>M S Prakash</name>
    <date>10/6/2001 1:43:56 PM</date>
    <mail>M S Prakash</mail>
    <answer>there were no Drivers for Oracle right now. 
</answer>
  </reply>
  <reply>
    <name>sunil</name>
    <date>10/6/2001 1:48:04 PM</date>
    <mail>sunil</mail>
    <answer>sorry I don't Know</answer>
  </reply>
  <reply>
    <name>bnvbn</name>
    <date>10/6/2001 2:56:09 PM</date>
    <mail>bnvbn</mail>
    <answer>gfhdfghhhd</answer>
  </reply>
</discuss>