﻿<?xml version='1.0' ?>
<discuss>
	<subject>future in C#</subject>
	<heading>How will be the future for c# in Client/Server Application??????????/</heading>
	<sender>
		<name>ramselva</name>
		<date>Tuesday, May 08, 2001</date>
		<mail>rchandra@in.netvisionsglobal.com</mail>
	</sender>
	<reply>
		<name>Hacker</name>
		<date>Thursday, May 10, 2001</date>
		<mail>Sorry@IcantGiveYou.com</mail>
		<answer>Hi, Its going to be the SAME. The concepts are not going to change when C# comes. Its just the approach thats going to change. So, dont worry. Are you a database programmer ???? I can almost sense your worry about C# going to put you on the streets. Its NOT going to happen. ( NOT YET )</answer>
	</reply>
</discuss>
