﻿<?xml version='1.0' ?>
<discuss>
	<subject>c# vs java</subject>
	<heading>java vs c#....technical differences ,subsequently survival of java.</heading>
	<sender>
		<name>jitendra singh</name>
		<date>Monday, March 19, 2001</date>
		<mail>jitendra.singh@geind.ge.com</mail>
	</sender>
	<reply>
		<name>Subhash</name>
		<date>Friday, April 13, 2001</date>
		<mail>subhashmn@hotmail.com</mail>
		<answer>c# is purely a new and developed technology and works on .net framework.

This lang. has 
a)power of c++,
b)productivity of vb,
c)elegance of java.

Similarities of c# with java:
1)interface concepts
2)exception handling
3)garbage collection
4)single(multilevel) inheritence
5)classes and objects

New in c#:
a)has extensive use of XML and SOAP(Simple object access protocol).
2)ROPE(Remote object proxy engine)
3)similar to Java's JVM, here we're having CLR(Common Language Runtime)

why should we go for .net?
a)interoperability(communicating with different applications(made of different domains)
b)security
c)multilingual support
d)architecture independence
f)c# is an Component oriented language(col)
g)scalabality.

versions available:
1)Beta 1(existing)
2)Beta 2(expecting by April 15th, 2001)
3)whole concept/product(.net) by the end of 2001.

.net comprises of :
a)vb.net
b)asp.net
c)ado.net
d)c# for the above framework.

Meet u next time</answer>
	</reply>
</discuss>
