﻿<?xml version='1.0' ?>
<discuss>
	<subject>impact of c# on java</subject>
	<heading>can any one tell me the impact of c# on java and the future of both in the wake of these crises jave is in these days.</heading>
	<sender>
		<name>aravind</name>
		<date>Sunday, March 18, 2001</date>
		<mail>aravind@forindia.com</mail>
	</sender>
	<reply>
		<name>Jatan Porecha</name>
		<date>Sunday, April 08, 2001</date>
		<mail>porecha_jp@hotmail.com</mail>
		<answer>hi,

  I think that uptill microsoft keeps its monopoly on industry C# can put more impact on Java because Microsoft has the OS platform which runs on 5 million computers world wide and it is increasing.
Just think that if it publicies its .NET platform
how it will be taken up and how c#!!!!




</answer>
	</reply>
	<reply>
		<name>Subhash</name>
		<date>Friday, April 13, 2001</date>
		<mail>subhashmn@hotmail.com</mail>
		<answer>c# is purely a new and developed technology and works on .net framework.

This lang. has 
a)power of c++,
b)productivity of vb,
c)elegance of java.

Similarities of c# with java:
1)interface concepts
2)exception handling
3)garbage collection
4)single(multilevel) inheritence
5)classes and objects

New in c#:
a)has extensive use of XML and SOAP(Simple object access protocol).
2)ROPE(Remote object proxy engine)
3)similar to Java's JVM, here we're having CLR(Common Language Runtime)

why should we go for .net?
a)interoperability(communicating with different applications(made of different domains)
b)security
c)multilingual support
d)architecture independence
f)c# is an Component oriented language(col)
g)scalabality.

versions available:
1)Beta 1(existing)
2)Beta 2(expecting by April 15th, 2001)
3)whole concept/product(.net) by the end of 2001.

.net comprises of :
a)vb.net
b)asp.net
c)ado.net
d)c# for the above framework.

Meet u next time</answer>
	</reply>
	<reply>
		<name>Hacker</name>
		<date>Thursday, May 10, 2001</date>
		<mail>Sorry@IcantGiveYou.com</mail>
		<answer>JAVA IS DYING AND IT WILL BE DEAD SOON.

C++/VC++/C# ARE GOING TO RULE</answer>
	</reply>
	<reply>
		<name>ramselva</name>
		<date>Saturday, May 19, 2001</date>
		<mail>rchandra@in.netvisionglobal..com</mail>
		<answer>U S  economy will determine the growth of c#...............Isn't it? </answer>
	</reply>
</discuss>
