﻿<?xml version='1.0' ?>
<discuss>
	<subject>Help me?</subject>
	<heading>
			Please guide me whether it i safe to stick to C,C++,VC++ programming or we must learn languages like JAVA,C# ?</heading>
	<sender>
		<name>Alok Tiwary</name>
		<date>Monday, May 07, 2001</date>
		<mail>alok_tiwary@yahoo.com</mail>
	</sender>
	<reply>
		<name>Hacker</name>
		<date>Thursday, May 10, 2001</date>
		<mail>Sorry@IcantGiveYou.com</mail>
		<answer>Hi,

 FORGET JAVA. If you want to roam around looking for a job throughout your life, then choose it.

About C#, let it come to the market FIRST. 

C++ and VC++ wont go away. So,its better to stick on to it.</answer>
	</reply>
	<reply>
		<name>ramselva</name>
		<date>Thursday, May 10, 2001</date>
		<mail>rchandra@in.netvisionsglobal.com</mail>
		<answer>Hi,
I am working with ASP now. I want to enter in the ssystemside later after few months. I have started to learn c#. Will it be useful or will i have to learn c++</answer>
	</reply>
</discuss>
