﻿<?xml version='1.0' ?>
<discuss>
	<subject>CSharp Doubt?</subject>
	<heading>hello,What means by 'Boxing' and 'Unboxing' word in C-Sharp</heading>
	<sender>
		<name>Gaurav Mohite</name>
		<date>Sunday, April 15, 2001</date>
		<mail>mohitegaurav@usa.net</mail>
	</sender>
	<reply>
		<name>Subhash</name>
		<date>Saturday, May 05, 2001</date>
		<mail>subhashmn@hotmail.com</mail>
		<answer>Boxing and Unboxing is  similar to type- casting concept in languages like c,c++,java.
for any further clarification mail me to the above id.</answer>
	</reply>
	<reply>
		<name>nitin </name>
		<date>Monday, May 07, 2001</date>
		<mail>nitn009_9@yahoo.com</mail>
		<answer>What all are the minimum requirements for loading the c# on a pc.</answer>
	</reply>
</discuss>
