﻿<?xml version='1.0' ?>
<discuss>
	<subject>any audio tutorial for c#</subject>
	<heading>==>>Is there any audio tutorial for c#. i have started study with wrox c# book.for c# what hardware and s/w will be required??</heading>
	<sender>
		<name>VAIBHAV TIWARI</name>
		<date>Thursday, May 17, 2001</date>
		<mail>onlyvaibhav@rediffmail.com</mail>
	</sender>
	<reply>
		<name>ramselva</name>
		<date>Friday, May 18, 2001</date>
		<mail>rchandra@in.netvisionsglobal.com</mail>
		<answer>To work in c# , u need:
.net framework (for compiler)
u can use any editor or u can use csharp developer or antechnius editor.

Hardware: Win 98/nt/2000</answer>
	</reply>
</discuss>
