<Advertisements>
  <Ad>
    <ImageUrl>images\banner1.gif</ImageUrl>
    <NavigateUrl>http://www.funducode.com</NavigateUrl>
    <AlternateText>C Sharp</AlternateText>
    <Impressions>40</Impressions>
  </Ad>
  <Ad>
    <ImageUrl>images\banner2.gif</ImageUrl>
    <NavigateUrl>http://www.funducode.com</NavigateUrl>
    <AlternateText>ASP.NET</AlternateText>
    <Impressions>40</Impressions>
  </Ad>
  <Ad>
    <ImageUrl>images\banner3.gif</ImageUrl>
    <NavigateUrl>http://www.microsoft.com</NavigateUrl>
    <AlternateText>Microsoft</AlternateText>
    <Impressions>20</Impressions>
  </Ad>
</Advertisements>